time_h,TM_Control,TM1A,TM1B,TM4A,TM4B
0,0.01466,0.01500,0.01475,0.01278,0.01212
12,0.01474,0.01514,0.01479,0.01286,0.01204
24,0.01513,0.01526,0.01490,0.01280,0.01208
